{"cameraMode":{"drawMode":0,"name":"Shaded","section":"Shading Mode"},"sceneLighting":false,"audioPlay":false,"sceneViewState":{"m_AlwaysRefresh":false,"showFog":true,"showSkybox":false,"showFlares":true,"showImageEffects":true,"showParticleSystems":true,"showVisualEffectGraphs":true,"m_FxEnabled":true},"in2DMode":false,"pivot":{"x":0.21641558408737184,"y":0.004446297883987427,"z":1.1052279472351075},"rotation":{"x":0.015314497984945774,"y":-0.981157660484314,"z":0.08736401051282883,"w":0.17188110947608949},"size":0.8926050066947937,"orthographic":false}