{"cameraMode":{"drawMode":0,"name":"Shaded","section":"Shading Mode"},"sceneLighting":false,"audioPlay":false,"sceneViewState":{"m_AlwaysRefresh":false,"showFog":true,"showSkybox":false,"showFlares":true,"showImageEffects":true,"showParticleSystems":true,"showVisualEffectGraphs":true,"m_FxEnabled":true},"in2DMode":false,"pivot":{"x":2.6370136737823488,"y":3.5997486114501955,"z":-2.753490447998047},"rotation":{"x":-0.02093161828815937,"y":0.9693143963813782,"z":-0.22830796241760255,"w":-0.08928736299276352},"size":18.722084045410158,"orthographic":false}