{"cameraMode":{"drawMode":0,"name":"Shaded","section":"Shading Mode"},"sceneLighting":false,"audioPlay":false,"sceneViewState":{"m_AlwaysRefresh":false,"showFog":true,"showSkybox":false,"showFlares":true,"showImageEffects":true,"showParticleSystems":true,"showVisualEffectGraphs":true,"m_FxEnabled":true},"in2DMode":false,"pivot":{"x":-24.332569122314454,"y":14.124784469604493,"z":116.24526977539063},"rotation":{"x":-0.002933676354587078,"y":-0.9971151947975159,"z":0.04670558497309685,"w":-0.06103598698973656},"size":7.943752765655518,"orthographic":false}