{"cameraMode":{"drawMode":0,"name":"Shaded","section":"Shading Mode"},"sceneLighting":false,"audioPlay":false,"sceneViewState":{"m_AlwaysRefresh":false,"showFog":true,"showSkybox":false,"showFlares":true,"showImageEffects":true,"showParticleSystems":true,"showVisualEffectGraphs":true,"m_FxEnabled":true},"in2DMode":false,"pivot":{"x":8.477999687194825,"y":2.0880000591278078,"z":6.839000225067139},"rotation":{"x":0.07885090261697769,"y":-0.7339227199554443,"z":0.08649685978889466,"w":0.6691137552261353},"size":0.13853691518306733,"orthographic":false}