{"cameraMode":{"drawMode":0,"name":"Shaded","section":"Shading Mode"},"sceneLighting":false,"audioPlay":false,"sceneViewState":{"m_AlwaysRefresh":false,"showFog":true,"showSkybox":false,"showFlares":true,"showImageEffects":true,"showParticleSystems":true,"showVisualEffectGraphs":true,"m_FxEnabled":true},"in2DMode":false,"pivot":{"x":0.7303887605667114,"y":-0.41818344593048098,"z":-0.17011821269989015},"rotation":{"x":0.14963223040103913,"y":0.8029105067253113,"z":-0.226387158036232,"w":0.5307826995849609},"size":3.6073946952819826,"orthographic":false}