{"cameraMode":{"drawMode":0,"name":"Shaded","section":"Shading Mode"},"sceneLighting":false,"audioPlay":false,"sceneViewState":{"m_AlwaysRefresh":false,"showFog":true,"showSkybox":false,"showFlares":true,"showImageEffects":true,"showParticleSystems":true,"showVisualEffectGraphs":true,"m_FxEnabled":true},"in2DMode":false,"pivot":{"x":0.2799628674983978,"y":0.20501016080379487,"z":0.550122857093811},"rotation":{"x":0.06524088233709336,"y":-0.9068294763565064,"z":0.15268631279468537,"w":0.38746097683906557},"size":0.5910512208938599,"orthographic":false}