{"cameraMode":{"drawMode":0,"name":"Shaded","section":"Shading Mode"},"sceneLighting":false,"audioPlay":false,"sceneViewState":{"m_AlwaysRefresh":false,"showFog":true,"showSkybox":false,"showFlares":true,"showImageEffects":true,"showParticleSystems":true,"showVisualEffectGraphs":true,"m_FxEnabled":true},"in2DMode":false,"pivot":{"x":0.18536609411239625,"y":0.27421727776527407,"z":-0.09065955877304077},"rotation":{"x":0.08723965287208557,"y":-0.3867633044719696,"z":0.03676370531320572,"w":0.9173237681388855},"size":0.6445083618164063,"orthographic":true}