{"cameraMode":{"drawMode":0,"name":"Shaded","section":"Shading Mode"},"sceneLighting":true,"audioPlay":false,"sceneViewState":{"m_AlwaysRefresh":false,"showFog":true,"showSkybox":true,"showFlares":true,"showImageEffects":true,"showParticleSystems":true,"showVisualEffectGraphs":true,"m_FxEnabled":true},"in2DMode":false,"pivot":{"x":-200.04310607910157,"y":19.764663696289064,"z":-34.946739196777347},"rotation":{"x":-0.13130082190036775,"y":-0.8379310965538025,"z":0.23089979588985444,"w":-0.47705918550491335},"size":67.86991882324219,"orthographic":false}