{"cameraMode":{"drawMode":0,"name":"Shaded","section":"Shading Mode"},"sceneLighting":true,"audioPlay":false,"sceneViewState":{"m_AlwaysRefresh":false,"showFog":true,"showSkybox":true,"showFlares":true,"showImageEffects":true,"showParticleSystems":true,"showVisualEffectGraphs":true,"m_FxEnabled":true},"in2DMode":false,"pivot":{"x":11.688904762268067,"y":3.5649447441101076,"z":4.87335205078125},"rotation":{"x":-0.13039276003837586,"y":0.02704462967813015,"z":-0.0035545032005757095,"w":-0.9911255836486816},"size":3.6842050552368166,"orthographic":false}