{"cameraMode":{"drawMode":0,"name":"Shaded","section":"Shading Mode"},"sceneLighting":false,"audioPlay":false,"sceneViewState":{"m_AlwaysRefresh":false,"showFog":true,"showSkybox":false,"showFlares":true,"showImageEffects":true,"showParticleSystems":true,"showVisualEffectGraphs":true,"m_FxEnabled":true},"in2DMode":false,"pivot":{"x":6.528029441833496,"y":1.7890154123306275,"z":5.676005840301514},"rotation":{"x":0.01608145982027054,"y":-0.9818242788314819,"z":0.1622854769229889,"w":0.09725949913263321},"size":0.08660274744033814,"orthographic":false}