{"cameraMode":{"drawMode":0,"name":"Shaded","section":"Shading Mode"},"sceneLighting":false,"audioPlay":false,"sceneViewState":{"m_AlwaysRefresh":false,"showFog":true,"showSkybox":false,"showFlares":true,"showImageEffects":true,"showParticleSystems":true,"showVisualEffectGraphs":true,"m_FxEnabled":true},"in2DMode":false,"pivot":{"x":-0.24565565586090089,"y":-0.13481134176254273,"z":0.5675687789916992},"rotation":{"x":0.058356329798698428,"y":-0.9408931732177734,"z":0.2546460032463074,"w":0.21563702821731568},"size":0.4233381152153015,"orthographic":false}