{"cameraMode":{"drawMode":0,"name":"Shaded","section":"Shading Mode"},"sceneLighting":false,"audioPlay":false,"sceneViewState":{"m_AlwaysRefresh":false,"showFog":true,"showSkybox":false,"showFlares":true,"showImageEffects":true,"showParticleSystems":true,"showVisualEffectGraphs":true,"m_FxEnabled":true},"in2DMode":false,"pivot":{"x":1.2675299644470215,"y":0.009457483887672425,"z":-1.342376708984375},"rotation":{"x":0.0098314443603158,"y":0.9455251693725586,"z":-0.028666706755757333,"w":0.32418394088745119},"size":1.9233379364013672,"orthographic":false}